UserId,name,Taste,Password
1,Walker,Tender,qVc8ODYU5SZjKXVBgXdI7w
2,Daniel,Bitter,j14WgRoU_-2ZE1aw1dXrJg
3,Steph,Umami,2WnXYQFK0hXEoTxPtV2zvg
4,Gwen,Cheesy,SZDeASXq7o05mMNLshsdIA
5,Karen,Nutty,hA5lMy-EnncsH4JoR-hFGQ
6,Jane,Crunchy,q_QQ5kBBwlCcbL1s4NVK3g
7,Rob,Buttery,cxuxXkcihfCbqt5Byrup8Q
8,Mike,Salty,E9kcWJdJUHuTKfQurPljwA
9,Rachelle,Mild,lO1iq-f75hnPNZkTy3Zerg
10,John,Juicy,AUi8MPWJ0mLkMfwbui27lg
11,Chris,Tender,iYzhPPqnrjJkg1JHZyMhzA
12,Ryan,Creamy,xoZvMJPDW6Q9pDAXI0e_Ww
13,Charlene,Mild,vVukUtqoLF5BvH_VtQFNoA
14,Kenny,Sour,_crIokUeTCHVK_JVOy-0qQ
15,Teresa,Nutty,1McG5Rn_UDkmlkZOrsdptg
16,Eugene,Tangy,SgiBkhXeqIKl1PlFpZOycQ
17,Jennifer,Rich,fJZO_skqpnhk1kvomI4dmA
18,Ronskee,Zesty,x7YtLnBW2dUnrrpwaofVQQ
19,Catherine,Tangy,QF1Kuhs8iwLWANNZxebTow
20,AJ,Juicy,VcLRGCG_VbAo8MxOm76jzA
21,Helen,Gooey,1L3O2CUTk27SnmqyPBWQdQ
22,Shell,Salty,v7DwnrjzuTk7pXmuBPZnsg
23,Stephanie,Tangy,FT9CFS39sjZxVjCTrDHmdg
24,Jelena,Moist,MGPQVLsODMm9ZtYQW-g_OA
25,Joz Joz Joz,Sour,OlJ9vcVFB1iEKcZO-MS3cQ
26,Zuzzi,Fluffy,wAw9FHMiOZd9ROoc5x4DpQ
27,Jay,Nutty,kggqL33iZjeHmUn1Rtdjzg
28,Peter,Rich,wrNOKq0hOlz8q1N_YCNXCA
29,Liliana,Savory,4F0IjrUJGAieoWwHnRhIJw
30,Nina,Herbal,4ZaqBJqt7laPPs8xfWvr6A
31,Reis,Sour,zjPbmmvO4QzE_nE9uErLTg
32,Don,Buttery,65uUyG9yuF0rdMh0z7ajaA
33,Lia,Tender,NIhcRW6DWvk1JQhDhXwgOQ
34,C.J.,Sweet,aF3mEXDJuILmeF-9PcxAsQ
35,Michelle,Juicy,baSDvZweZk6qLY_kHPvYzQ
36,Weili,Mild,XLs_PhrJ7Qwn_RfgMM7Djw
37,Helen,Moist,rppTTi-kfF8-qyiArNemag
38,Matthew,Savory,KYBEVBAP7QUlt1LjmatTJg
39,J,Salty,QJI9OSEn6ujRCtrX06vs1w
40,Sherri,Moist,AkBtT43dYcttxQ3qOzPBAg
41,Joanne,Tender,KXZ8A8h7Q9ZJRU5TM9asjw
42,Chang,Creamy,5cVgAicAhCTSrKzsKDuTdw
43,Whitney,Rich,HoiOETUtwO4CL0PhjDCnSw
44,Mike,Bitter,rCedFOnskGvHQTprtA4-5g
45,Chris,Tangy,sgCZmOkdHBiaKaE6ZKVBaA
46,Julie,Sour,yzonmWerCPxEI3ROuk6caA
47,Peyman,Dry,bNJmIcxc_FRWxftI_vhpbg
48,Kathryn,Fluffy,2Yw9-N2VYZFqg2ylhpb8NA
49,Jennifer,Moist,og-Pb8auVwO-BA_-4TnK9Q
50,Jenna,Bitter,RDTVzWPoCeGaUujrHIWRBQ
51,Robyn,Tender,IpLRJY4CP3fXtlEd8Y4GFQ
52,Adisak,Bitter,hluQms-QLpaqZASKlDCJHw
53,Debbie,Spicy,qsHZ6_yT870pmm4Oxvw5Og
54,David,Frothy,ZIR96Kh35GvW2eLyQHJh1Q
55,Derek,Rich,N4Y2GiUxnQOvUUHtFyayKg
56,Shiho,Salty,2l0O1EI1m0yWjFo2zSt71w
57,Monica,Gooey,RgDVC3ZUBqpEe6Y1kPhIpw
58,Jay,Umami,V6PeLHJ8D1C7utl4HzjBmg
59,Jenna,Tangy,OmjMNG77obZOKQ59o-Tx4Q
60,Robert,Dry,B-OVAq7aQN1aPN3NiFekTg
61,Lucas,Bitter,LwZJFLGxQwjjeOgpqTJnfw
62,Ron,Gooey,lquc6IF6uGIeRomDLu9UnA
63,Sandor,Umami,M7giQhu5iK0ESOoZi3gpfQ
64,Shan,Moist,3oDIaMM1bd7cwN0eKQv-rA
65,Jennifer,Sweet,X7SwvRrnsZ8I3bEPGELpnQ
66,Eric,Earthy,YuRfPsIME6v5qYr3GfFzrg
67,Alicia,Bitter,mqc6fRbm5ZBBl4J3203ctQ
68,Caithlin,Tangy,n8bbgZJLENE4dC4E743ukQ
69,Daniel,Crunchy,-TT5e-YQU9xLb1JAGCGkQw
70,Stephanie,Tangy,q7iWal_rXNSHkHeCMMvZxQ
71,JR,Gooey,0juMoWXC7z4c7LgQP2s3sA
72,Aimee,Moist,vOUs1d2gsVGDkdH7_fKgMQ
73,Cindy,Juicy,OJorsQjotS1dIv--IVifCA
74,Lisa,Nutty,KxrKVxdXGkfMJ9XwJZzoLQ
75,Jessica,Rich,VHdY6oG2JPVNjihWhOooAQ
76,Connie,Rich,eqS5lpxVMEzS_xaGP8NW_w
77,Marek,Moist,zx2NykkcJd1vdOgoS_ZhjQ
78,Brad,Rich,MRQL87mqMrLgLBNYE97ahg
79,Rebecca,Crispy,YJ6S9R50pE0FsSDn3Z8j2g
80,Erin,Fluffy,ov9G-Mn1XGFp6m8sFEmEng
81,David,Crunchy,LbPkYMGmsu4snHkY-Ri1ww
82,Megan,Bitter,3xrb0LpbaJ24Pkdyd55U8Q
83,Andrea,Savory,om5ZiponkpRqUNa3pVPiRg
84,Yelper,Bitter,K7thO1n-vZ9PFYiC7nTR2w
85,BJ,Zesty,lRTLBbMLzDrnuAdEVSLrqA
86,Sylvester,Mild,asAdx4Q3cAMykgPgtQt6cg
87,Major,Buttery,08VTr9hyJikxfimhk78jbg
88,Shawn,Fruity,c7XI431TnC9_AkmC-qrXvQ
89,Nasilele,Fiery,8cRfVboGSLA_yc94mBwY-w
90,Britt,Dry,PZE8NFD4XYMejKLFJm47bw
91,Paulina,Fiery,uVtkixXCP7LXRpC1EedGpA
92,Kat,Earthy,IVz8D3L33io-7Bp3NTo8Pw
93,Jeff,Rich,d9WIz0Xuh9ECkHfVmqbhIw
94,Joanna,Earthy,Y4DBgQUuecjUc7KGtWUVvA
95,Paulsegal,Buttery,HmN7p502YMJGkBNv5bzi1w
96,Alan,Salty,8m2LgacB5VeP_1Mn5ZMC4w
97,Jessica,Mild,MvOXPiqRr9IjqVtwC5mUNA
98,David,Tender,PrJ37Ik9DxritxGPqI9ktw
99,Constance,Moist,dHLL7SVGJw5uM6IEp_wb4Q
100,Mike,Crunchy,UQFE3BT1rsIYrcDvu_XVow
101,Reena,Rich,hSMVQ7MSh6B0OgPxFQFO8g
102,Jocelyn,Tangy,MPQ5-SkAcPW5_uLn-7_jCw
103,Matt,Smokey,jh-yu1Ap3TAwDS1ko6eqhg
104,Crystal,Sweet,jVYzrVblDFSuL3GHtt8ZSA
105,Robin,Spicy,w-zD8Ln3XZszM82AfVrspg
106,Farrah,Cheesy,3zxy3LVBV3ttxoYbY4rQ8A
107,Calysta,Fluffy,bF2xmRxR_eyJ-HRs-ClOmw
108,Camille,Smokey,qqOcmpUctU-Zn_DxhgW-Vw
109,Amanda,Spicy,Axd4L6VSBZ6QkHtqJAeCaw
110,Elisabeth,Tender,KrIL3TIOJI-tjvU6BlcA-g
111,B,Gooey,2mdlIKeLV04q_wcPqNvRWA
112,Michelle,Fluffy,I7YQFiIsO82eliq8nqsLfA
113,Jameson,Juicy,yOwqfhtwO6q-6gzEhL1meg
114,Jake,Smokey,NF7_K38Hc6G4R3hvEhT0dw
115,Kate,Tangy,FlhZYUEhfpfm0Ynxacftwg
116,Andrea,Umami,l4F2AnWqg3AibuQBN-tYcA
117,Moira,Bitter,gRL9s6ENxV1qermRYDWjPQ
118,Joi,Herbal,0G-QF457q_0Z_jKqh6xWiA
119,Lauren,Sweet,1_pwoHx0CjDwfSAI7jRpzQ
120,Shells,Zesty,JhBHocI4yDmi2fus7UbKRw
121,Laura,Sour,DgsKBCbBqbFv6dCO_czBIg
122,Stephanie,Dry,ACkFmmPuBT6rsJ_yxA1DaQ
123,Maribel,Tangy,MCcz4FmJQaqnIv6pzeS1VQ
124,Carmen,Herbal,2aYKApNwS5gi1XS_V6qYJg
125,Rachel,Sour,6GHPzEmQNTjC7E3P9VF44w
126,Ellie,Chewy,xwLpDq-rYnyObtBZCD0Wgg
127,J.,Herbal,6aJNIB8yGHDiwrzyxlExRw
128,Barbara,Crunchy,CxpPcC2NCCAj_eXykAFCnA
129,Jon,Juicy,xReXrRlxECFpHSS9F5hBCQ
130,Nick,Earthy,GPKYStqHcKtNYVLy2PvgoQ
131,Tai,Gooey,sHwBXS0trP0CC_f5K_11VA
132,Michael,Herbal,C0hNXqJZJuly7et8sSvSAQ
133,Anthony,Gooey,IxkpteGXdi41e_WuyDxlww
134,Jim,Moist,rwamCBmlGdcdcyRoUcC4kQ
135,Sarah,Crispy,A5UnAt6EYlDh2PPMpAHV_w
136,Matty,Smokey,lNPRvk3WRgsJb-UEJ0J40g
137,Peter,Crunchy,ITa3vh5ERI90G_WP4SmGUQ
138,Chris,Crunchy,582iTyqKkoHeBFPMJuQEJw
139,Dan,Zesty,iEONL-v4W46yliYsovCP_g
140,Lizzie,Sour,nDPpFNHBId4o5kjKLpubJg
141,Sarah,Savory,g_HiAtI7YBc9rpEhm4qvYg
142,The,Creamy,DEbiQnC6NsTkddrOm3SF6Q
143,Catherine,Gooey,2Od6rQYNvPUXQC2Go7vIqg
144,Jen,Buttery,_SmK7sPegNCXH-oYR7503A
145,Kristi,Spicy,2q6LXB2ZR9LiAk0Ltww-Gw
146,Melissa,Tender,8zkkuk8KOoNojZhTx0j5KA
147,Steve,Crunchy,ZhK2xIa4f73JZfua7IP8vA
148,Matthew,Herbal,4iX1eeMV0VQa7SlN6UXJOw
149,Matthew,Herbal,Q5jOFJYhIsN8ouJ1rnsLQQ
150,Ale,Moist,N_mkNFTiBCw2bbF_TJY9Ug
151,Pat,Mild,IPzVg0wE9EW2_VfJI0Uzgg
152,Noah,Gooey,P3SCIo2ExYs2-eehTNSv4Q
153,Kim,Bitter,P5bUL3Engv-2z6kKohB6qQ
154,Tara,Tender,VpREWOjt5Pna6OIgXI9Jcg
155,Trish,Spicy,ukCAVNbolx0_gaAkDYZnEA
156,Jacob,Crunchy,qF1V8GyuLL5Fpv40Cyturw
157,Lauren,Dry,clirF7pph8EPEoMtvrcj0w
158,Rachel,Smokey,bQ_qlqlZRFgfRlqveB-ILg
159,Monica,Mild,PadmV2GEoA6mWpQUpPh7Ig
160,Danan,Smokey,ouODopBKF3AqfCkuQEnrDg
161,Vivian Eri,Smokey,M74ZUoNHNOcQp1jJLlt3jA
162,Dave,Cheesy,CDjeQhhH7ZoSKBDQ5_O3ag
163,Garen,Buttery,-RApyq06DMBii7ovXtQnfw
164,Peteen,Juicy,XvL3WrRN0_3hw0P5tO0J1Q
165,Tiffany,Tender,bCsS9EJOBTIxRGiqixB5rw
166,Todd,Rich,8Akq8sh1LSmJbqa6Jjxxqg
167,Samantha,Smokey,YMgZqBUAddmFErxLtCfK_w
168,Michael,Sour,SSp_Idg6Ge-Lb6T99kgKSA
169,Olin,Smokey,R67_W_HXmsO-bd872AKw8Q
170,Judy,Chewy,Jw4OHr6HibJeEIMfAxc1_Q
171,Felicia,Buttery,iaDFNFfwwVmc_v3k3_cU1A
172,Bill,Tender,xHzU9LKwxGHq7BNPA16gog
173,Jamie,Creamy,gYDFiPYFCeY52vvMvvy5Pw
174,Archie,Fluffy,0kSXMbNFo7mdwTPj4iQv9A
175,Jim,Earthy,HzoQKKHDq9BI37dyJAAtGA
176,Jackie,Moist,627ihUMdDCxyXw1mOj1MVA
177,Uncle Fishbits Aeneas,Moist,oW2bCSJ5bIHyRnoZvkHwDg
178,Chris,Tangy,8DqQqPnWLMllH2Dd0bETtQ
179,Vanessa,Sour,JC99U5y-KAchZIjBhf_DiQ
180,Christine,Zesty,1ziEzn7BoXTfOQ4YBkdz1Q
181,P,Earthy,n0Qbz7LaA0r46x-N2gPXxQ
182,Minji,Moist,q-kq52Hm8a5ajWJ_dUlOoA
183,Mell,Earthy,qA3AGHIFaNyEd1PRX3QWRg
184,Jennifer,Umami,cCwig3OI04K4HdOIXpnl_A
185,Felix,Gooey,nomP8UcTgKjO6Yu2cLkr3g
186,Brendan,Dry,0GNqPGZNPNoTcJ1PFJrexw
187,Deana,Buttery,sAb47uEcSjK3uQcylhkhPw
188,john,Spicy,IjRVv6v8VHqZMoFhmRrXBA
189,Kim,Savory,p1pg5NleZVUO_hcOgiNMmA
190,Terry,Tender,Cy9TCWiOHFvCAl3xiC5vHg
191,Dailoc,Dry,gjxv-7WqYy_aK1ZAUreBFg
192,Cecilia,Crunchy,h8pthOnqCxV94D8-JkZXCQ
193,Justin,Bitter,NRrNQ5xHn_7Fu4ctlpKLbQ
194,Patrick,Cheesy,iFreFyM8AcvM38exTtkjpA
195,Kristey,Mild,Oqo_AB1BAv4mlPLOWgE-0A
196,Ryan,Buttery,PmWSamENF-UlNijlB_OckA
197,Joshua,Savory,sxYfqtGh_5OuaRoT3d9aAg
198,Joy,Bitter,lsCWo9DwJJ7tCRBHNjTsYA
199,Stephanie,Fluffy,TDXV6AC5PYOZEyN9eeODfA
200,Jess,Spicy,QKbq76KuUHLRZjWXDtbwWQ
201,Anna,Fluffy,jhuCv6dzRQ6a_kEaDvcrTA
202,Michelle,Mild,13f_vtUZEmlzweL91bmVng
203,Jeremy,Nutty,5HGbhAzCXDngWSTckGBtuA
204,Chau,Smokey,jpY8IGiem6A7kXfPrFv0PA
205,Kelvin,Sour,QWxW_pApmpY9iPApC8P-UQ
206,Michelle,Fruity,Z2pXm4f-2O5ZpMUmXuYK0Q
207,Bethany,Fluffy,S8JD8I-TRR7MoWyKhmw9VQ
208,Dani,Sour,8ZryN_S-n48g6rsa3W3QtQ
209,Melissa,Rich,AW0tVcfwYZBiwtwYyaX0WA
210,charles,Dry,5Z0qHr3lRAy311-D-zo9uQ
211,Charity,Fruity,C0RAAI96DJwITSFdioqqUA
212,Chris,Savory,ZMGTBxvz2nfEvZDbXiH_zA
213,Stephen,Creamy,UVUIi0q38pAvsfuEEppe0Q
214,Amanda,Moist,HAAdELyXWv8GPCz183SbvA
215,Kari,Nutty,9_3lMnzpm8L92caFU5hH8Q
216,Diane,Smokey,4F3DmU8GaO_HHEbgPZ5v4g
217,Jess,Crunchy,qYhPjTGtXE3DUJBahe85aQ
218,Michael,Sour,OscdJZ1tFY5ybV4Ru5u7JA
219,Nima,Frothy,l1K53D1s2BjVXCFGUFYVOA
220,Bianca,Creamy,ZQWmua4kX75pcd1QB8Nk2g
221,Ivonne,Buttery,Fu8D01UpP5DNnaI7dP9xEw
222,Harsha,Nutty,eUjJ0SDe6eBoZB7iKYifnw
223,E,Rich,BvPQDTs67bcDLWfPwH9dgQ
224,Joyce,Mild,5-GjKjU_rYn_SMgMVSmsIw
225,Corazon,Savory,CsLsfpHlHrInwBfJmjR-zg
226,Christine,Tangy,zDBOdWtl2PsNY38IeoE5cQ
227,Jonah,Umami,tXhscxwFTd-ayLTdPx_2yA
228,Warren,Sour,aA0WQpDdksKuDafTGzJf_A
229,Marie,Smokey,VTRKrPvUgqAYUgO4HBxLQA
230,Bri,Salty,IEpSkLU6eODCxCrWwSFiWw
231,Bianca,Herbal,bRA9ZC-bw74iEgx0iJp1bw
232,Natasha,Sweet,g1cwG-9BWx5HvlrKPIbs9w
233,Brian,Cheesy,-uybOghOlhc_UHEZvkyShQ
234,LetsBeReal,Juicy,hkuwpVmoWqmmRNT6ly7eIw
235,Howard,Herbal,vPWjHU0ZFjy_9tEtk-8_pg
236,Lora,Creamy,RWQDfQbHcjbF8JHrHMlFxA
237,Travis,Crispy,kjbUQDXAdUKFXqVgtvLFug
238,Vera,Nutty,yFpmlk4flcdeIx7bAorSHA
239,Solomon,Fluffy,Z4rItwH8eQyhqkfGi9_6qg
240,Kristen,Nutty,eg1PcQVJ6TJMvQPCUkykaA
241,Ashley,Moist,_8fmsrxFubASqYw_SAxkgA
242,Sammi,Tangy,zXQuFIgNgARtX6Nf5hIWIQ
243,Renae,Mild,V2mv5ZaysyAc-L9Z9RH3iw
244,Richie,Sweet,CItMwJUX0Dv8wwugxWVUPQ
245,Aaron,Fruity,JOwThWdv2KZCO_u9MieR1g
246,Dian,Cheesy,baAxFn7RsH-kDu1Xebo-sQ
247,Courtney,Crunchy,rh2Fyv5A0EBjnWxZC2RRHQ
248,Trey,Tender,KoqcznJYIXg19nzl286xOw
249,Cristina,Buttery,fxqvyXlml4400BglsxRG_w
250,Melody,Sweet,aIFbo8WaP6SCuOFnj_v9kA
251,Victor,Smokey,EiSKklI6PPHOoPLHqX1EOw
252,Amanda,Frothy,7Na1pUcEv3oF_QTRwZ-2iw
253,Liz,Tender,1-gnHNzZNbn8lFwYRF_CtA
254,Ken,Fluffy,UJEjJgi1xpmLR4b3J8fn2Q
255,Sarah,Mild,OPN-dDUBkH7uH-G8nOnskg
256,Natasha,Moist,YSE4zpIUVIl0hyHoewyeCw
257,Elissa,Mild,O4CBAPwJQ_43KbqArpFxpQ
258,Damon,Rich,MUzkXfPS9JaMgJ907orz0g
259,T,Savory,W7Y3cKd50qabs646pZUKag
260,Red,Fiery,eJZsIYlozH-aJ8GMjcZBLA
261,Cassandra,Zesty,LyoBey7pYHult00lhiS02g
262,Anna,Smokey,GcWXTgLffuZ5BsuZGcl02Q
263,Chris,Gooey,4PE0tDvV9Lo8VW8kDW1SFQ
264,Caroline,Fluffy,fdJde1TCDq0fvH-PbKiiEA
265,Jonathan,Rich,v9VCObZVWhOPdm1rKt8Dvg
266,Dallas,Fruity,UpMTSX253d01OPY-3-sjEw
267,Kristin Marie,Rich,JITevzyEgskIJc6sgOyEgw
268,Felicia,Salty,drui1iMt-TPzJiSkQp5CtA
269,Terrence,Spicy,lfS2n5r2go3QuaOO7mtYwQ
270,Kumar,Cheesy,SkYIKEIQfEo65_xHNM114w
271,Nadine,Juicy,hHDltEEGlvuhRjDvfbYpqg
272,Patrick,Savory,cJ7EsBomKWzKFLjauxeC_g
273,David S.,Crispy,KVbMZV-XJPSH9wXEwuXIaA
274,Kellee,Earthy,81VIwNUOYQG4zTuSQEdkGw
275,Jenn,Tangy,oJMwdSEcl59FlX7cwaf0bA
276,Saira,Sour,GsEEM3WYB8rxu_gHcDPMCg
277,kathy,Juicy,_XrNNcEbNnut2Q4Py-LfKg
278,Leah,Salty,Bnf-KvDhT8WXrpv2WJEOQQ
279,Gerrit,Bitter,WeiirhJyaAY9kQ1cS5ZhwA
280,Laura,Zesty,Zratk2K3CMsgLusfnm7Rnw
281,Lorac,Fruity,lHK2jZ1sAG_bMl83824CaA
282,Gina,Sour,1zSv6IxBK1LgEWvb4B6Brg
283,Rose,Sour,4BqMMLCAGM5t50HnpdxvHA
284,Sarah,Herbal,OfITV5ApuW7RpEvpOqJCqQ
285,Miriam,Gooey,gjhzKWsqCIrpEd9pevbKZw
286,Craig,Fruity,YWFbTcVnun8i03XnEU7kVg
287,Tres,Sweet,BgZwJBhVWKq1Urs4rKBdiA
288,Monica,Tender,ZNC4L7fkT9ke9Xi9OGL1Dw
289,Diana,Creamy,hmwKaQN_f0dnymp7XH2R2w
290,Linh,Crispy,rlphr1Hp6_x9e8yRGX42Fg
291,Tony,Chewy,aAMbdEgSzj7k5UmGQu9fYg
292,Junk,Umami,-NnBFf5fosrLMeqkEwVLHg
293,Anastasia,Sour,5q5R-Z54wm45Ec8G8CxZeA
294,Gerald,Herbal,D6bq08PeNGV_WkZbO572Bg
295,Gloriene,Zesty,ZLFeb8d2jzQsCW21wzOq6g
296,Ric,Bitter,21TBXrUyPdyrC57TMA4ZbA
297,Shaggy,Fruity,vc1cikaZWIS2J9JY7IAWFA
298,Mifa,Spicy,WY2UlNWEHn1Vv2-JpTzEUg
299,Claudia,Gooey,3FrPTLpqV3dU6AbNS3Y-gQ
300,Jay,Crunchy,kG_SL19KTLp6Cu9Az5ASOA
301,Mel,Moist,flj6NjfxqwudsBvOTbrhug
302,Jesse,Umami,cEHn8OkDjjWQYbMKakACwg
303,Cidne,Crispy,FVjmJWsjzed0yDGlOB0QqA
304,Katy,Chewy,Ve0LUwcrzxL7w0RYgY4Aaw
305,Jul,Frothy,7C8xmWdGLipKQ7ZTRs7eYQ
306,Rich,Chewy,zpGbH9oVNYXy8YM89qFhPw
307,Jenni,Gooey,_W4y7ku6Q0uGoiI3ePtkgQ
308,Rachel,Buttery,LnYL1PLsSOwG3i6M2ecSVg
309,Nicole Rynee,Herbal,skjkxo7Ewz3cbxW4TQNK5g
310,Nicole,Umami,AHXUeYTwIy2ZETSpG01krw
311,T,Savory,Fio9RpyMAejPEsZhDFdb5w
312,Lupe,Moist,qWlFQnkcnsJrb2lhwUF2Ng
313,Alex,Cheesy,VWgWJiG462Ytm_rWMRxHiA
314,Tae,Umami,Zvs990LXwWqOvjzjsohgtQ
315,Kevin,Buttery,q9xZ_o95MTmBmLLPnZyBwQ
316,Lisa,Spicy,qUnVF9NPMsUX4G5nZ5ZSDw
317,Shelly,Tender,4O9WNNfnQf6-a5pUt1RIwQ
318,Ed,Salty,m07sy7eLtOjVdZ8oN9JKag
319,Kathy,Frothy,DSDL_v5dvLOIJ-o5sRhz4w
320,Sara,Rich,BKCyaw3fLry1268fwpQeIw
321,Romes,Rich,p_514Yo8SndKB7dCvGdvWw
322,Stephen,Fluffy,pPvsrGX78-vP6IctzU1-oQ
323,Jason,Fruity,3J44PSuAqDNdY3L4WXWZUw
324,Joanne,Nutty,f-8CECTr5EcC_ppaQ7SFGw
325,Chris,Savory,Q8TGsARjdIfWsnXqgQYHhw
326,Corwin,Mild,AXlUeyM2MTfz28CeW6KkvQ
327,Arielle,Savory,RI9U93FjT0bKYhz_io0wHQ
328,Marcela,Fruity,-rleYbGDq6rR1oTJFWG7og
329,Jenn,Dry,s5o6DQgvrnmJlbw2IDM9zQ
330,lovetoeat,Dry,grFjhD2zEzfjo7Gbp8JvoQ
331,Lea,Moist,Je6-vkrCJxex_cmREVpLBw
332,Mandy,Buttery,x4f9anzaaBozvJh5nv26SA
333,Katie,Moist,Acapau_RiNy_9M_TieUmwQ
334,Virginia,Dry,FrhwWri3vtD7P85xJXw5zA
335,Carolynne,Fruity,Un9kXZRrhnfdhaW33OwLFg
336,Gary,Fruity,ci7Q6NvXQ8UZrBHusVX18g
337,Cb,Savory,TaByJybLHGn9QXGE8fBklA
338,Jocelyn,Spicy,i5Cm53q0pmklQsX8soi3tw
339,Toni,Tangy,Et79VAN692zD2j32PM1E8w
340,Michael,Mild,zGYimABNU5Vk5PKHBtcPMQ
341,Alexandra,Buttery,5kMii2JySygayQpyPBjqCA
342,Cate,Sour,JVHAFY5ijpGyyCtJb6NPcg
343,Ben,Crunchy,ThQmupHx4KjtijFlDKWsbA
344,Jack,Dry,7LmJ87EijrHcoYRu9WgoHg
345,Tom,Bitter,Js4nQlGRjS1Bd5vsAQQfgA
346,Wim,Umami,STO9KprPS0pZVO75VX_bvA
347,Pam,Umami,pJYsQBaibeFgTucnm0rcPA
348,Tamara,Spicy,rgHK4_IdibIrF990TTRoIQ
349,Rich,Frothy,xnpzE2wbif4dZjN0NMhi5g
350,Matt,Crunchy,HYQoxBC1y1DGPq6pGP09Tw
351,Jean,Creamy,wyKi5kzzggDMEQSIGBpjWA
352,Bryan,Fluffy,FdZumOby8Mx4IkdhYVfyRQ
353,Kingpin,Spicy,oUNm5rDUDxu0LMximnNHWQ
354,Morgan,Zesty,zK-HYsRHsUrbhvWv6pq0Ew
355,Beth,Sour,SZ8qITipYmexfotE5_UaQg
356,Kimberly,Moist,k5vAqz4dTDeD9zDMweULRQ
357,Haydan,Spicy,qgrRS9CS8XY-NmoktttIvg
358,Michelle,Creamy,9vLQrTe8uY6NuHF49YLSfw
359,Judith,Fruity,a6myQnEM2qdJMWcYqOQWlg
360,Amy,Smokey,8TYNR25ifvwrwYcyKNx1BQ
361,David,Mild,NWFqEfs5Z9wUmCeVfTTDAA
362,Dana,Nutty,pxyzkPY6a4FVF0aDjBgC8w
363,Marissa,Herbal,l2sX4ls0PQFWpkDXdXBFdA
364,Tyson,Creamy,yGPSqnzFfrDKkHpadjPy3g
365,Christina,Frothy,S2qfY5qyfZhDxAbFPg4LwA
366,Ellie,Gooey,c32KGmJRgTpyCTCKZuALZw
367,Walter,Gooey,4Pwav7HENZumUr3RJE03ig
368,Vanessa,Savory,E_9WOCYIGHtT2nbcY4_t4w
369,Valerie,Cheesy,Dr2Uiv9mn6MgUNT9rcoASg
370,Chun,Cheesy,IzJ36jX6V6ky5BtoN-Agng
371,Swetha,Fiery,qRBTAUOEWrBY9N1JszH1ow
372,Shani,Tangy,4pefQIbqzrkPTlDSM62otA
373,C,Fluffy,gr6czSdo2_AlM-LjV_mvbw
374,Rachel,Rich,Tk_FWXueutKii3f9yJFsdw
375,Patt,Fruity,eTvp_hYnsrI5-ow_sQ31_g
376,Holly,Fiery,h7qNmqTAIc05zNtIpmlDJQ
377,H.R.,Mild,EkBaG24NaAyiEkJZLJ7K_A
378,Dylan,Crunchy,FH14lvoIAKhva9KVgvzKJw
379,Geoffrey,Zesty,Qb8QNqwCH9VgIsugoHG--g
380,John,Buttery,0h4oT8ueMk9d6cKzk2t0qQ
381,Michelle,Juicy,fCMxArYY8wSWxKuM27azrg
382,Joycelyn,Juicy,XpVUWxVoNp75aZHusk9T8g
383,Jeff,Mild,S4YZloQTAbIkqTNsfAFfnA
384,Liz,Creamy,YbpLvFrMPiStbPPkj7K3qg
385,Nick,Spicy,ssF0fA9ev2K6JendJaaMrg
386,Todd,Gooey,CUmUCdczdg2vZHdlJ3safw
387,Adam,Chewy,7PHHxsjyk7I7oM6ENxwZZQ
388,Brandon,Nutty,YrV3NLnSg35UBIM76w35ww
389,Kimberly,Dry,1sGYXSkJHPhJ6wQtc-RbZw
390,Psydde,Nutty,8yStSioe9M9uEoeqlZGY1A
391,Alexis,Tender,k6HN0FE8NC8vV1sZuu0O4g
392,Brooke,Fruity,Qa2NoSc6DphQArihBgY9Gg
393,Steve,Moist,jfWSPWnGjSLHGMz0CNIZtw
394,Ashley,Fiery,xSI4zpl9EaETOHyzshOIBw
395,Fran,Gooey,K3353tGh1hzfg132DwjWjw
396,Nicole,Tender,B_T4fv0GlGcZLDpchBX-0g
397,A,Gooey,LJhQx48XHLggMDxkX4bePw
398,Dee,Gooey,9Gdifl4r1t6lHdEu4gzhiA
399,John,Fruity,O5HnDFz6IzJ3ti3hG65XtA
400,Audrey,Crunchy,R0jNomBTcFysG4I-xMTtbw
401,Brian,Bitter,Egxm2aSl_e9PoO-I-0XaLA
402,Izzat,Zesty,kLm3B6LeboEZWX_4otpILA
403,Michelle,Cheesy,GvvCiaQfD1pb8NU4c20C4g
404,Master,Earthy,ii7v9u3gTo3xvxhcsBu3zg
405,Jessica,Bitter,U11j0md4DV59nXD6kdb0KA
406,John,Cheesy,c11NnfZEkPQg9khQWjtKWg
407,Meg,Umami,8DP1VoyxKIzoUE7qiVPyhw
408,Nick,Earthy,stLKaPPdqc40c_q3dISabg
409,Damen,Nutty,9HZ8hY5q2ESYA36uF2lKvQ
410,Sabrina,Spicy,tipQmXdg181T4NvxrXPjFg
411,Nathan,Smokey,rtl1e2FVr67mPulZFxrkbQ
412,Andrew,Nutty,O7ly1kO-eDJv9uGuyYgaIw
413,Cricket,Chewy,in672plSIGcbOj2q5moYwg
414,John,Frothy,16bmaGpCAqZB0PzjLTADWA
415,Tina,Tangy,xzvTed9al7cOEc0S57kb3w
416,George,Tangy,VatZipEmv3Wx5iQK0QL-pA
417,Colleen,Earthy,OgYi5x02MBukfxPNFe1ePg
418,Rachel,Dry,ZcFrsDhZ6aM45kwHlRkmyw
419,Mari,Herbal,MItOIDqGoFZZZJLayliaLg
420,Lyz,Smokey,az7_up1dApMJhNrOzqUfOQ
421,Meredith,Dry,6YysBedbKp3TQ_Py8tmcMQ
422,Darcy,Creamy,McPU8udr9OLqYKh8wFQpGw
423,Matt,Moist,g-Cdew1rrW2nu6TbgVBjmg
424,Jason,Salty,ox4AXdK4C2ADe5loj66mGg
425,Kristin,Fluffy,9unR5cAeDx1CPtKH2Hctfw
426,Daniel,Cheesy,0fKmCIvKlkXwBZU44D0umg
427,Emily,Spicy,J-urqhA-tYOqvwtxjkJfIA
428,Devon,Crunchy,418J-bXe-ox5Cp_opOWWvg
429,Kim,Sweet,ir689oBNmrJXOspb4yq_Jg
430,David,Gooey,f9M2Q8v_bGqrjbpBO-nrtA
431,John,Sour,1z2aJu1qTk_gQa2NRfK1HA
432,Ana,Cheesy,QPFYr4q90IH4HMoE1XIYMA
433,Sheena,Buttery,2XKlUjHGk9z-2ckFMcBEHw
434,Carter,Bitter,SH-GRUQlUZTco0ofRbwVdQ
435,Tony,Umami,pMltyeuU4SjT6Y8YVy7HBA
436,Sarah,Nutty,by2k9-QcUwRVIvVOeLU2lg
437,Kevin,Zesty,fHS0bQ-l5rHME_xXKQSYXQ
438,Jeff,Herbal,X6Ft4Gh7fQIFyO1MTdrUwg
439,Anika,Rich,_R-0XC3kdGSEmVNH27NZdQ
440,Aimee,Sweet,EROW4chFZQF1E-eZVpYAAA
441,Melissa,Bitter,M628_58sbDGaViQrxsPuqA
442,Jia,Frothy,XpnMUYT2HDuUB7ycRtw2ew
443,Liza,Umami,X5cUYGLWiauXk3C7h1GMfg
444,Shayna,Sweet,36LgEtwt6ROhrCtuPjfRmQ
445,Ahna,Zesty,Ohhrhu1RkqfVciIVx_W5HQ
446,Kishore,Creamy,3gHpfzI-rUm0viFDDFYZIg
447,Veronica,Gooey,ebaMzyIDq-6VLn_Z92UgPg
448,Mark,Cheesy,2YKkLFeOx-0zRcWp0KUv_Q
449,Cindy,Fluffy,jIdpjWPfWKneYPGGtKUM_Q
450,Heather,Smokey,g0ML1VMEftkgrtwNUd3TlQ
451,Kent,Cheesy,VFXKRVzEMbnsDcYFdwiiuA
452,Siv,Sour,tpE7zlJPsfO14024i1d9aw
453,Shaka,Tender,RODUc87UULC1p67gAeR1xw
454,Todd,Tender,VRw00O-WCrVHaGTk1Jk6Cg
455,Mae,Tender,XgodmqFjRvbCG3nfLOKFvg
456,Christine,Buttery,dPdpfqKL2y6Id8RtqPqdkA
457,Andrew,Frothy,0MP38Eo_X45oHNvcKTLkRA
458,picunte,Nutty,FoO5vOMb3_nKGmMiDUm8lA
459,Jill,Spicy,y5qEpAfJQaOjjG8ZJWrp6w
460,Mark,Salty,pYoKc9NfstkvwR1ZBAuGPw
461,Kevin,Salty,o_1beq3LiW_JH_rgUNBoFA
462,Tiffany,Bitter,AsUvXYx9ZVn3IMJmAIwhYw
463,Matt,Tender,-tnodf38uCXjogMhZtcWxw
464,Carlos,Sweet,1jFPCW9Oy1D0gWudY7w7Ug
465,Justin,Sweet,ki7OU-sg_ci0T11l-cANhQ
466,David,Bitter,CQUDh80m48xnzUkx-X5NAw
467,Sarah,Umami,OoFKiEKyw97IWhbecLHSwQ
468,Nilda,Sweet,zlXlvI_IKONWpzOXugfwbA
469,Allison,Bitter,yCyYKXclouR94TnpRLBGRQ
470,Rob,Fluffy,xwm5nymG7-CraHZsX130tA
471,Ruth,Crunchy,M9puGD3VU5FuhE60HklCvg
472,D,Sweet,OHbUGOs8hJS95foAhD7xUQ
473,Erin,Creamy,mZHk_DPbeUTQBZOBOyoqlA
474,Erica,Bitter,4VbB9qS2Xvk-bjAI1bNlGw
475,Tim,Savory,K2VZMLykxnctDXWgO23lJg
476,Molly,Nutty,iRPGY02VkT5qW3iszBl_yg
477,Roger,Dry,8P6SjKjlQkNfwYSnBVu6Aw
478,Stacie,Juicy,ku7MXSmR4uStJZtzh6ALqw
479,Zoe,Cheesy,x6erNzhuM_c7xW6PlqClIQ
480,Tiffany,Mild,63z_FCCfTar6Q6nFCNRezQ
481,Tung,Savory,XcwBT1a_5ZjdaPZTZOhN-Q
482,Jose,Chewy,GYklwfO3N5BXeZ1RjHPDJA
483,Lillian,Tangy,U8BAWPaPPe9sUp7m0k2fdg
484,David,Rich,b3k-4r8F0o1n4TxxmuN62A
485,Quynh,Sweet,itm7J1IWFo3YGBwcZUin9g
486,Ferdie,Cheesy,TCauYZf5swof7iCPsBUmsg
487,Jenna,Crunchy,fw9gey--wpQ9syqC8GleSw
488,faine,Nutty,6UhVJ1QlO1Y-BVMvRyuljg
489,Michael,Sweet,DVkshdrhQUL-4ds0gJQQKA
490,Tom,Crunchy,HM8mOekJ028ck9yfTpldPw
491,Rick,Sour,lf1m4CbheuUR7fFZoLGRvA
492,Shar,Salty,IGuCHgHr_K0XOVlEzKcIrQ
493,Mateo,Savory,CvZGAp4Q2QgJbYqLG1Fetw
494,Douglas,Tender,ijfxzX1up5MHHt-BdGrrYA
495,Chan,Tangy,zxxtMBaLWnhFc6ZBDDsCtg
496,Stacey,Fruity,86EB3KT3H-Eyc7sl_WsUkQ
497,Norma,Sour,waY4AzngWdZ9JqYBrUUmew
498,Kelly,Earthy,T6TjDj9BQuS46xDB8eeHFQ
499,Robert,Juicy,YYGZyYuGkAo5rLKinakdig
500,Jennifer,Cheesy,X2Lx9YYpwH1Ozb4VJ-OD7g
501,Antony,Moist,7lKzYA3pZWxpnTFRNpPCFA
502,Mandy,Herbal,GG0mFsEXb-02_dzFPqRV1Q
503,Abbie,Tangy,nPJw7YpKgHE6fowxgl3l1A
504,Maia,Sour,t4aq9buiAuyciHxr7RvzNg
505,Timothy,Creamy,y9WhhW724xLQ4p_lGQCQkA
506,Josh,Sweet,TN4W0bPo7-8Pi5KUVAy8aw
507,Victoria,Gooey,uMn7wkivl82sjv0-H6wlpw
508,Sam,Crunchy,8nCJfTcDv2qDW0HkGQpOPQ
509,Patrick,Savory,H4Q_w39G5uBIkHUseMKhpg
510,Annie,Crunchy,YUFqbfAePA8tgT2zE2y4xQ
511,Joe,Tender,m1LzN8vRCuJYwrDfJA0fiw
512,Jeremy,Nutty,q31f3uFJsFTNFFolAQkWCQ
513,Jeff,Umami,2botYYVjkOyNXYhzYZUrIQ
514,Louis,Nutty,k_muz40jJaiY1PVga6NDXA
515,Jenny,Savory,5BpJEC8YVi80ecWT5CtlfQ
516,Logie,Smokey,8UPTxp6SXvQe6JoEbEGcyA
517,Susan,Umami,FqYYd3p-phMkZ5GVjkUzxg
518,Brianne,Moist,reGfsd5pE4W85VSS6NYhOQ
519,Jeannie,Smokey,tGxC-bdojFzROxk9oepRgQ
520,Sarah,Chewy,mJWhCoWXpoxgAHXWd0c-3w
521,S,Earthy,3WSgEXBS9SQkLg37rF9G3g
522,Amy,Creamy,2M01rniHjqap5IBVQ_eV8Q
523,Usagi,Buttery,HPhgvrUlHVmOEuOIGLEZvg
524,JT,Nutty,651eEf0zlIh9k8Kxqzzg8w
525,Chris,Zesty,HM_4PEkC_NCaS3TOas-sAw
526,Paula,Crunchy,PNTbcuPX5V81XibwrNzskg
527,Bob,Umami,eUBGDZ2VEglZEFEiZiNTsg
528,Eddie,Smokey,A5696UJqaQMQVtWStQyX9g
529,Donald,Fruity,wKLYI27-HlYoI_KpyaLJjw
530,Statia,Fluffy,9xULVStLCR4ZmQ_YaU6m2g
531,Taylor,Sour,zHvS1F_6wOPSLUk6vpDEGA
532,Monique,Fruity,7eeANPaL34dTeUyqy9cIYw
533,Natalie,Herbal,HFPC7kUjgRtuBQdc_1X0cQ
534,Beth,Smokey,IPKtxPKLM-PuLHGoT1e7iw
535,Chelsea,Bitter,xl2zFMHnMfHBXe1TNR6i4g
536,Rebecca,Creamy,eAA9CmVmPIRewS7l6l7xbw
537,Robin,Crispy,45Za0-djDjG3nk4zSlGfuA
538,Richard,Buttery,pRfWy61wU9e1nrCVrOEWLA
539,Sarah,Zesty,L8PRZYJ-Xpux56ChOAqgZA
540,Matthew,Fiery,zkamNMEjihh3zN7lC7_WVw
541,Steph,Fiery,WWnhqRnWWjutMqh-2SzEuQ
542,Colin,Sour,Sf8yKmUnsTk2HNzLpSxzTA
543,Remy,Zesty,NG2mzp-BFKPsgxy5ofaQUw
544,Jay,Umami,vsikhxSLtMk5APIf9U7C0w
545,Baeth,Umami,LfleZY423IgY6tHULVXGcw
546,Kristin,Fruity,ojxS1v-8nUvEEx4DlsPQrA
547,Jim,Salty,0QdwQLVxZpgy9Qb2Qakflw
548,Charles,Mild,0MeivhX0kZCfV3zMtHtk9Q
549,Bob,Chewy,eh03Ytv4exbW33L2erx1kA
550,Isla,Juicy,Mpk9Ez93CGqyknA8Qwd9kg
551,Ivy,Crispy,OSzSzIxLnTQ1tsAwoDoQqg
552,Lara,Tender,9q-Ss2Mck927jSXk-8vF3A
553,Jessica,Fruity,5exOQK8FRpAfw5S8s2a6gA
554,Andy,Spicy,H_BTSU_avg948rHcxwa9Ow
555,Connie,Savory,2OLohmwFrl8ru4w1mUXtyw
556,Tramaine,Tangy,pTUlF0nvcUOEbg8E_8QWxg
557,Joe,Crunchy,SBpz4xJ8MnrzXOpWiETCyw
558,Kara,Sweet,RFTVBFlgM0cqvl1daywfjQ
559,Francesca,Chewy,ztVQFPr9khc_TjsBny-3rA
560,j,Zesty,6T5zXLWfplNlvZ8E3bKjgQ
561,Jeff,Rich,d1LU2oIXZ3QaU5fZ3Jp2HQ
562,Rosslyn,Spicy,8diIRer3uONzEKAQzUbQMw
563,Christina,Cheesy,xyad5PXaHTdKrdNClXbMqQ
564,Paul,Buttery,Z6yq2cCc27QmssIFKWMdAA
565,Warren,Tender,hysY3Fv38CAoY0q7e-5mUg
566,Midnight,Juicy,zZyvrfNSWk7rYV8Zy3VLvQ
567,Nicole,Nutty,5pOgHm_SvqM_Yp5WEmNuFA
568,Michael,Spicy,ZehOtBTToGUA1UWFxA6wSg
569,Kris,Juicy,pxHOGxXHhUYY_mgS4ofI4g
570,Eric,Bitter,HFECrzYDpgbS5EmTBtj2zQ
571,bloopie,Bitter,US4XWHCxjPA07Q_MESq0cQ
572,Ellen,Earthy,pjphaZoEhLqBvsC3y7xMDw
573,Claire,Rich,YOw1yg8THktCCioY2q55_A
574,Elizabeth,Salty,X5gSx0VieHb_TvwX23y_Jw
575,Thomas,Sweet,ZOMeGiZqtuXJIKlEDuYloQ
576,Sara,Juicy,aN3hqwdyeT6AmyUq3GgIIA
577,Nicole,Sweet,2z4CSJ9EH0L-5BmzquYnSg
578,Kyle,Tangy,Q0HgKp_xW2lb55BpfSCz7Q
579,Sarah,Herbal,coKnuxLznH0FHb34m4ZLCw
580,Melissa,Smokey,NNyr4wknApjc5nF9QOO2Mg
581,Crystal,Bitter,fj654yv6kkCtQfygTSWQYA
582,Rock,Savory,cwChkLd3jcvmqrk5UfUGJw
583,Larry,Buttery,9E0u_Wsf4N3rTzG591pTAQ
584,Amanda,Creamy,i_Hm2nOQuIZ3SRiM5gcmXw
585,Steve,Savory,meSxukeC8mECIZTPzVxIIA
586,Kevin,Fiery,RmXIjppHNtVveguN10iO1g
587,Judith,Crispy,yLTonzc-sGZvfRwUsx07Xg
588,Danielle,Sour,dkkMQorZE0EF-F5wOiqA7w
589,Kim,Fruity,KtUS6HMhgIPHXuwwkwReEw
590,Daisy,Juicy,JprmPc4cZ_TrydXRhWo2gg
591,Lindsay,Nutty,7jmAHDHVFTfoJ6v1XL8eHA
592,Cristina,Crispy,SRrzKuUb2619fVa8huw2QA
593,Jean,Umami,rVxwIq-GU98GC2xMulsSqw
594,Gene,Mild,duymKKwUruH8GwbvcaFd0w
595,Stef,Fruity,Zuwoq9rt5kbO48B59QJiRw
596,Raisa,Sweet,vGVQSLDRlnfzHoJpJgSsFw
597,Tu,Fruity,mmgLHTFOvWo3NjDXwuB7bw
598,SuSu,Spicy,LPvaDDpoeVw6DB7Oepd9cg
599,Jessica,Tender,5AysWo91Mw7_bvBtWUNlMw
600,Mary,Juicy,jZO9ZG_9mf34bEzpZCZKsg
601,Nary,Gooey,bcB_Sq-0NkU6wWgV_b66TA
602,Paul,Zesty,C4-2FfgdO8IrfJX9G40IPQ
603,Louis,Umami,zFszUTKwfFIWK6EAYCyR7Q
604,John,Cheesy,v7gsMsxQrQlQ4-JCefu4gg
605,Jessica,Buttery,FVbtQgcCmWmQ-D6IR5BfZg
606,Reggie,Spicy,Zr4N9sG31fybEa-l3a_46Q
607,Corbett,Buttery,yhgx2AKeizmRcFVPr_GIfQ
608,Autter Pop,Chewy,oXGauhEuZJ9-fNlZO02Pyg
609,E,Crunchy,UKSw9kfoBfdatSMUl-jGnA
610,Skylee,Bitter,gvB-AVjjN84YwLxTIV-3hQ
611,Navin,Dry,nPBzbwWR6ioHRONgsfsTTQ
612,Tim,Cheesy,pgxbiGCqgNV878Sd_v7XBw
613,Julee,Fluffy,KNkoLCrAUJ56wXJnzhNtiA
614,Ian,Moist,HQxWPs0oBHwGaKqsw_dxiw
615,Nema,Fruity,FrJ2PWKDM6S0S9yyid972w
616,Teresa,Umami,57tf_RmT5o3BiFj2gpV-Jg
617,Ellis,Dry,FP4BR-Aa9GrkoMoWguoXyA
618,Andrew,Fruity,F6hz6UdboHgJ8DLUGCFXvg
619,ALEKSANDRA,Dry,-VuSUcCZCbQcdSdF7w9USg
620,Ed,Salty,1p4wP0QzgdWXWYnRSR7MBw
621,Courtney,Bitter,PBA1rCTmVaI5APfQ1WgbyQ
622,Vincent,Tender,wV7AObFcbp0qfouPfxc58Q
623,Jeff,Gooey,QmYOI_SAzelAxRTgOcYLyQ
624,Ellen,Nutty,q9Tyln685OEpIWFUdTxoYg
625,Eddy,Creamy,3wq5u6jaZOYzkU2kQOqRwA
626,Angelica,Umami,uQOMhO2-70PXChcIq-fN3w
627,theresa,Sweet,qwvxMDOxj0k2sfydwaruog
628,David,Creamy,dplrPaQpUP8n-uxPE6eHZA
629,Cong,Fiery,9Uh2NaNHX14KKi85uv9AMQ
630,Paul,Spicy,H6wh96nudB8jrwrQtLPZ5w
631,Mallory,Fruity,FlXBpK_YZxLo27jcMdII1w
632,Frank,Spicy,TvsPmBJt_Ei1RdOtVhjjiQ
633,Phi,Crunchy,_tpzswb4NTS4bniz9aM1nQ
634,Michelle,Spicy,xQXUG94oRQxYUHZwS6Cwzg
635,Wendy,Crunchy,aqWXHhcR_CdmKmxggFOlEA
636,Andreas,Moist,p3heVCnq3M0H2LMxIuuc5g
637,David,Bitter,IxOblhSSL_9vEUf3arVbnA
638,Mark,Fluffy,OWnYWg8L67W-moQJkjrXPQ
639,Carolyn,Rich,7YuX2pNvwfdArAizyLv0oA
640,Lisa,Savory,15znE0NM6nDU2oR-i5RXVA
641,Jean,Bitter,vTWyb3WgKHZk4EnLsZfrBg
642,Shelly,Salty,So46aZ3y7zRl2VmFK35vCQ
643,Lady,Tangy,2-sRIfKT31GFQD0OCnOmwQ
644,belinda,Moist,rDORGCGHV984OBXwqu2FYQ
645,rebecca,Herbal,z3yOJaNdvqzXc6L1RbTl_w
646,Karen,Salty,vl29cxjaJ8Y_Th8F0R8OyQ
647,Mike,Buttery,XnWTpZeb0atyolIc5-XRUw
648,Robin,Bitter,n3yEb3IYT6Fab9nf7luifg
649,Jeanny,Moist,7mzo8uYToyTkdl4kpAsgiQ
650,Jae,Dry,uUcNCwf86aea7F9AGFBJNQ
651,Matthew,Crunchy,tAStD3oAe_ob9Za2H7DQ4A
652,Jenaia,Bitter,ftO6S_Jg_eqXhxa6qGKP8w
653,Mikey,Fluffy,lT0jFHCIloX3bnF5eu0ERg
654,Karen,Earthy,EVaW-GGDEbYrYhgGUmO0DQ
655,Amy,Fiery,dI8kmo3hMqY7xwV9TmJlqA
656,Angela,Nutty,TBq1yn10ZcLsJzQwgaTBUQ
657,Joy,Earthy,9X63Z6GZfr3rfZImi8rNiw
658,Kimmi,Dry,3hANLGwpP5tXgHOes2XheA
659,Ag,Mild,clLKvGH-1oauaInqjp3jkw
660,Janelle,Crunchy,JXbz8URET4T6SWVrDmKWTA
661,Tiffany,Umami,GmQR50bIII7gDNRYEgfXfA
662,Jeremy,Moist,5dZTVQxo4szVKkejgkCQVA
663,Damien,Moist,rcU7ysY41qGppbw4pQgjqg
664,Henry,Zesty,gf4tyQgQOtVMkOdvveRHVA
665,Starr,Moist,-AJV31rH5tZmKI0f0rlQnA
666,Jeff,Chewy,hOnMliHBDtUZ4qyIE-HJ7Q
667,Jillian,Fiery,yU9VHS_AuXUKbdrzcoDTNg
668,Daniel,Frothy,l1ExDt-skQ7ebpUGZZKgyQ
669,William,Savory,BUwajB8j__9-fA8405vYNg
670,Leon,Dry,tLe5dddFbwDb7IUCUUC2Gg
671,Brad,Bitter,rlDDkE6G-nMO-z0hNqekzA
672,Anne,Frothy,XsL5Dz2FXpoGjIwX30hYfA
673,Kathy,Umami,aZixAQG6m-dyGtJqm4Aphw
674,Yaniv,Gooey,m5Ou-7SxevQT0XyrCiJGHw
675,Andy,Crispy,k-vckI6UzvLVZmd_W7WrsA
676,Adam,Spicy,Wttx9bqHkOnRXokSrAjY_w
677,Angus,Dry,h6RctdQAXQu8drV28iv29g
678,K,Umami,DurbS6wtH3iHkL-X-XUOEg
679,Ted,Fluffy,SNMkSpTy6buAfhKx6NSNJQ
680,Meghann,Crispy,FhydOYT0JYsk0iTcwzggpw
681,rebecca,Savory,NzXvqHFS6YYDY_qnfCHc7A
682,Cecil,Savory,GdNx0Urm3NInlWnHvGHJ6A
683,Sandy,Earthy,o4tYl3Hz0oDfpNn4k02DCw
684,Rick,Fiery,dTiuUeT2c7-JcA_ta3TC7g
685,Austin,Fluffy,76ew8CgYNfC6NY2deluWsA
686,Seth,Moist,XPxM2kMdP-RlkS9TseJHbA
687,Lorrie,Rich,EiwxlbR8fb68lMgEXhcWKA
688,Vivian,Frothy,fFvCQoOEb4IW-FqpTO2Z-A
689,Louis,Sour,e9x70wHE9-3FBqm60n4uHQ
690,Chris,Gooey,UYUWmXsUynm4sTkwk9siZw
691,Ms. Jasper,Juicy,T43D20OvAS0fJ1IgQed59g
692,Elizabeth,Gooey,uGZ_B4azzKRFGEOGEMkM9A
693,James,Mild,kepqZPSeGh0Ns1zfOgL-zg
694,Abegail,Savory,DihTsliUxbqpoA9W3uRDBA
695,Lucie,Fruity,GZ_000Yr72OFcKv9ZaBseA
696,Timothy,Spicy,KmUFaI21IQfQWajv3BrEgw
697,joey,Gooey,398uzpPdN0Uu9ZhePPfebw
698,Renita,Sour,8gYDk0qh586uzePzzU763g
699,Vivian,Crispy,Sg_BvnTHsbc1AABiJjaiPA
700,Wyoming,Sweet,lngQbdPu3BJa8bmNmxexnA
701,A,Nutty,0iq45WV_h_j8SXjR4ytcJg
702,Eric,Crispy,EWzlzkAYBh4ZYujdy2j-DQ
703,Thomas,Gooey,d4lK2R2WpmoVmR4poZ6hXQ
704,Katie,Crunchy,GiadmcSjmhHrxVQz9Y8c0w
705,Gertie,Cheesy,-a-Czzeam1izGg2SSUN87A
706,Kadee,Cheesy,3GiMheHTAzo85rBm0W_Yww
707,Rachel,Herbal,7WssA6jbxkr1Yk6slHOyDw
708,Wayne,Zesty,EQSHAfMrLKqYK0zLx_01yw
709,Brittany,Frothy,vM14ysC_qD69WI0HwoBMuA
710,Carl,Smokey,G3j5x7srU2Wnk8BeaEf-tA
711,Carrie,Nutty,TaibKwCzl77Lu3-n7bofMQ
712,Nicholas,Chewy,rUogQgFEhid8om3oDomeKg
713,Elisa,Chewy,49JhAJh8vSQ-vM4Aourl0g
714,Casey,Spicy,Z0xqgGaxDrRd-0HsVIvdAQ
715,Kelly,Tender,Wia9sTPJnFWupi3v6hJevQ
716,Michael,Dry,s76J8AsfaaRrker3s22ulw
717,Jerry,Tender,_KeuaQCbJsZ7cipYpBPxDQ
718,Alla,Chewy,iWaAqYnqVMOpurshXsCa_A
719,Vicky,Crunchy,JiUmz7l4rNz4-YmOj13i9g
720,Antoinette,Bitter,DfSHS8qYCYYtkCV3_p-tjQ
721,Shantel,Tender,L4Rlr_iHSW_wnemqmksmKw
722,Luisa,Dry,APqDwmVqnRF0jJRx4YBRxw
723,jen,Mild,NbwxzbxcTzx9KjOroh37VA
724,Robert,Spicy,NSkU6rZ_pNu5JQppodY7tA
725,Carlton,Spicy,uJxSIkteqnGbe1SnbWQkYg
726,Lara,Mild,kF2sEC2B1nJlxVFr_jaEQA
727,Phil,Smokey,3tLPT5PzOemSed-ERxwSQg
728,Nana,Cheesy,K5UmrBmAqS-nIT2Pm44itg
729,Will,Crispy,Rh-bm1j5USQTOPTgZHqjtw
730,Boris,Moist,GjwfZjXk7A_bteA6-FxxwQ
731,Sarah,Gooey,Nv7jyW-Xag9-1uAXZZHUfQ
732,Steve,Sour,FeWKX0KT1xvOHc77XqDTNg
733,george,Juicy,PC-jDSOzMz8gN5RkayJBEA
734,Elizabeth,Nutty,C6LV0p8L6IfBfh1YFRkWzQ
735,Kat,Frothy,tmQ2UJLn6ktTy5XHRJjivw
736,Mike,Salty,E7dNhALfxoE5OcH0ybH0Sw
737,Mitch,Moist,cMoQqT_j_FD1gO6EEZzOIg
738,Joe,Creamy,6-YEfYffIq30kyCWQpFoow
739,Paula,Creamy,KD1cLBiElr-agbHlgEh-3A
740,Carey,Savory,8tj9792w3U7lv_XkErMn4A
741,David,Zesty,fdRGp5Mp2Cbl5JTei-Mibg
742,Heather,Crunchy,PWcDbTaoBcBtumbkS5gUJw
743,Randy,Savory,ZIOCmdFaMIF56FR-nWr_2A
744,Nina,Cheesy,6snhyTl6iU8ti-1EIJuFvQ
745,Mary,Bitter,FJ6PUyukzZxl6SMErW6Jww
746,Rita,Crunchy,hfu64kgzsAPCsN-AEkRB0w
747,Pete,Nutty,GaTWkVy-pY6phZOqW6ykuw
748,C,Frothy,qL6WPrAtufm7ae-B6Cu4Hw
749,Lauren,Bitter,0xjL8_225GIpec9cE4yjWg
750,Jason,Dry,1e0y0vUJiEU2l2U5Zw7YmA
751,James,Umami,wPGr4U0rKgKH8XNSSfWrFQ
752,Victoria,Sour,zIfzrljT0hEyrndvxXVdFQ
753,Julie,Juicy,bo_ZzmqxtIJpGWxXgvEPiQ
754,Stephanie,Buttery,g64lOV39xSLRZO0aQQ6DeQ
755,Susan,Moist,jnaC43lMyL1y4V2RsA-p1g
756,Bryan,Tender,abFAKQT1mY4y8yLZ15EWJg
757,S,Moist,qX-ndFKeVen4Z0FQfbHKNw
758,Cindy,Fluffy,y3IH1jtMxGkSvZYnCnh5Yg
759,Jane,Creamy,pxBmvgpiDMN161PwHDtsLw
760,Michael,Zesty,SdlozylmEKkBW910mGw1dQ
761,Mark,Moist,rKF8XOPwTU95DHABj7kHaw
762,Justin,Tangy,cLpT9ZCzgr7H6BWqDRs2Og
763,Nathan,Crispy,k9G2fOhsofiBmLtZrRIeGw
764,Paula,Dry,VoGgWLjco5FxRg6gwskCBA
765,Tom,Juicy,-PfB5lPsUgrulIGQ_u6JWQ
766,Cara,Tender,q-gpZeBLnhCBATuQzT6ANA
767,Eira,Sweet,Hjfbo7zwpCI5CI5OjkGMqw
768,Joe,Spicy,FbDqt_QhPnWv4FsU9hkkvg
769,Cindy,Cheesy,Ywbgl7YbSQHKOx4nZ98HLQ
770,Keith,Juicy,2tiS7fqBIwXMTHJe2GHUrg
771,Ron,Savory,c45FDBYGyVY-dOrvbs45PA
772,Becki,Chewy,p2WzI1eXcleCPUbbwJIBUg
773,Tracy,Spicy,LBV8oWri3DhnlzY7fFqUFA
774,Jayda,Juicy,afEBLpcr3rZNVdYnQGf46A
775,S,Umami,AgJxCwwC90WwUOv7g3tiXQ
776,Kelsi,Zesty,4LO6X_jyG5BCo4AD_rtKAA
777,Frances,Moist,gvyYZgFdBbcT3xGjWOvZag
778,Jan,Mild,p4FsOflitbyFKseYi1610Q
779,Rob,Umami,IyIsFkVY48JWa01inv-7zA
780,Brian,Herbal,Zl6uyhgGrbqvNjfkhQMeGQ
781,Michie,Buttery,UZ6YOaTiZ1lTZWKASIkVuA
782,Tina,Zesty,syvwUKQJ4OYfmL_ixVLMeQ
783,Gemma,Spicy,tAHMuChEo1Fs6qaRJ7pPng
784,Cynthia,Sweet,OF1Dwu3fWeyNzX2ehlyM3A
785,George,Salty,wMEQoS2W1t8Q0qwWJ1hqhg
786,John,Rich,9n89LJACQq-V7VtG_GRsnA
787,Curtis,Earthy,9E6ghRHPfAOmCJoR3s_pRQ
788,Robert,Cheesy,a9qfIqE5toA0WgOYTMyw3g
789,Adrienne,Earthy,afPIUwUh0C_lgHvt77cneg
790,Yaj,Fluffy,YdoiyM2IeN4ymZOKA156HA
791,Vanessa,Fruity,2H81nkiffTpo2ec9BNeerA
792,Randi,Fluffy,jpKRgEf4ulYIQJ1Ls_PcXA
793,Winnie,Fruity,AiwVzxg4paqeDX82O4oFLg
794,Evann,Juicy,FyiYuZrIzSkgshdazHZCWw
795,Nate,Cheesy,jsqlHAhEEKslf9etajuXdA
796,Aisling,Spicy,SlB83-elY01FcSCfzJC1Hg
797,Walter,Tangy,a21yEFhTXEJImb9hGl0JyQ
798,Jean,Frothy,xOlQ8ZLzlhnMYtfda9zUKg
799,Ken,Fiery,tlY0QMQDyfjQAEwHnzvFnw
800,Suge,Sweet,3h352DEsa-HgjkN2FJsSiA
801,Michelle,Herbal,nmqX1cxPOYHwql5e4U9LuA
802,Brad,Tender,uaiBkiGlMpiPnn26kM6sHA
803,Stewart,Frothy,pYjKD081FYDHrEpukuHHyg
804,Heide,Earthy,PWEMQK9a9ijJc9sndnJUzQ
805,Jason,Juicy,0JO3qopqVuydpUgLBJl8Tg
806,Andrew,Sweet,q-0qnT8ommeAyJb2Tv7AJA
807,Genieve,Savory,uQxkH1qQe_pF5XDLJI3XdQ
808,Edward,Cheesy,BrFSDMl2V85mW9UtbAeUAg
809,Matt,Rich,0JeXUOkZrtyyMJ5nEjCsFw
810,Scott,Tender,VBE9fERUHQ2Lh2MgpEzfIg
811,Mandi,Smokey,GURfFLpdIsJiIrtPPs8MDw
812,Yoshie,Sour,QldTZz8E1mTzFBmmcjrLBw
813,Justine,Fruity,GIMg5oHqsJXdRq_7tR2jjQ
814,Anna,Salty,1Aode8tVfOQzBd5bgKT7SQ
815,Andy,Spicy,IDVFG1pNSHIHoVuoLuZpcQ
816,Coral,Earthy,zieFgZfbaA_6-5v06nOQZg
817,Njon,Rich,DTWtZJAIPMrZJwUJV0DJmQ
818,Michelle,Fruity,m-CzLdA3lsF68MqG3ZKM5Q
819,Jenna-Marie,Chewy,o-UlLW2RiO8y8uWVwlG3Sw
820,Jenny,Salty,tGgTIueZy1JNTzQD9rkZLQ
821,Arica,Nutty,Qsv6jcM2b2-9u62jWKboUA
822,Ann,Buttery,uQEqsxqT3U6Ll1dsnqst-w
823,Joel,Salty,LMpEiyPvwo3AnIONClAeJg
824,Jackie,Zesty,HwMZ0ld2P4V4-kSw-YxjGA
825,Niki,Dry,TR6x7n94q09D3lz2amaGMw
826,Barb,Salty,u1cvQWB0lB4YsIbtSlUR7g
827,Pam,Frothy,zdw1jwmw1TNLZgu_is_Seg
828,Sam,Buttery,NVndhVfffw7ScRKviRdRYw
829,Kevin,Dry,ij4gu0gw-9rDmRKahnuz_Q
830,Bethany,Sour,9uTysypqImdsxJDlBXz_Ag
831,Aditya,Chewy,sVr6_v-lwixu3VREOO9XpA
832,Will,Crispy,yE5k9M1PIYMyGljYF10R_w
833,Christina,Salty,VePQan21Rmiw_xNo_kzsAg
834,Stephanie,Herbal,gVFxZMcuG_Tal2_TnpmUPg
835,Michael,Crispy,2pzrdZiY66lRAlqgnPFtRA
836,Charles,Fluffy,Q97QCDBnJWDiFUhg8uJcjQ
837,Steph,Dry,IOhVIAjtdGo3NZ75_fF4Qw
838,DK,Juicy,OLdNS8aBPVHm0E95M7VV-w
839,Jeff,Fruity,LAwptwS7nJwPkV5Niy9jkg
840,Eli,Sour,cEDMie5DjE_00sJ23H2q9Q
841,Michelle,Tender,KxrTQnzr83z0HZnrAkkeGQ
842,Jay,Savory,qg3dkjWE7TWGnCQuyFPhtA
843,Laura,Crunchy,fR6bUB3KSE_1QqTMo-2oNQ
844,Brianne,Fruity,Xj4NPAq2efs4mzS4kFHGyQ
845,Greg,Zesty,ckcA7pXD1BMjIzHVNrD4xQ
846,S.,Savory,WL_U3MBUfTkeHL9lYxoleg
847,Nile,Gooey,q8y3scPhJlcvCs65i9w-zQ
848,Jessica,Umami,loUeqD-Ojj2S46UUfuyJfQ
849,Brian,Chewy,kKgIaWBjKOyu74t7DEQmJA
850,Brenda,Dry,cDSOe0MuZr8c4ctrS6PM9g
851,Kate,Herbal,X1xcXsNOKnniwo_XJXBk0Q
852,Erin,Herbal,2nE0zU6y_F7gkwHi3yL6cQ
853,Holly,Fluffy,nBdv5Br4G8pDWXXqSXhUug
854,Anthony,Tangy,LWGcVexruRJXPIdZ0eLnfw
855,Menard,Nutty,Gag5ANLthXs587HOpWElIg
856,Stacy,Juicy,771OWzbzelsEeSlx8QsfsQ
857,Ray,Crunchy,hUonmkERd7l8DTeSXawfOQ
858,Kyle,Crispy,uV4edOcsZ1MuCmOUSM41Xg
859,Sue,Smokey,GtAvwG3oTH4RxlpiDbO0tw
860,Jay,Chewy,LNz5NSoV8XVZhxIp5wYh3Q
861,Martha,Buttery,F_NG8ZaNVriV_hujoOejIA
862,Teresa,Earthy,BLJV3zzdAmGhEVBkflhzOw
863,RED,Earthy,fmbP4BZBaOkMtfG1gWg20g
864,Danika,Spicy,1Jx-KL8LGqNpb7z0gDjGaA
865,Heather,Dry,7GzQvccSTf_e7qEyBj50kg
866,Michelle,Juicy,hqSXx-zbBvnWW7akjPhZNg
867,ezekial,Mild,y_uBHMh14ZrZ_gvQxxE1Gw
868,Jordan,Creamy,9VJa4yxtnLct0pN_1RcD_w
869,rachel,Fruity,xIi1whPhlngewfOSTv_PMQ
870,Erin,Umami,bUDaly3i9QA8ItJYzboirQ
871,Jason,Crispy,UwdoumbX2bCuzbfL4AyWHg
872,Aubrey,Gooey,HnpouZXIQHeqezf5gWchhQ
873,Michael,Fruity,g0_x4kVvJAYuk96oCcbOmw
874,Diana,Frothy,R7KJolr6cHwF7iRJQs98bw
875,Ange,Spicy,f4dLioOMUxpLq9a1ph0REw
876,Stephen,Sweet,UxgoEIGhqsKDXuSx2P10_Q
877,Melissa,Umami,sx2LC2530Q0ZEUQ762h9vg
878,Nathaniel,Fiery,T-EyBBZlGsJD3n7Uc_9VOw
879,Samuel,Gooey,6-VdlCal_FtjGZG9RXdCOQ
880,Brian,Dry,1hwTDYX9S0yyC6qdkfTmLA
881,Monster,Nutty,0T2Rx9W4KMDpIie1CqRWTg
882,Hampton,Moist,4FeyRoIT4ihyjJFLHdTcmw
883,Steph,Zesty,S7Go9U1I_OB_HGZzKNMJ3A
884,Michelle,Tender,LlgZ54wIgIXcgBtAbysaDw
885,Richard,Dry,7gbbdcrC9dUj87yH2UE7Gw
886,Rodney,Sour,u5fnrkB6fiQkHUo27rJMrw
887,Jason,Fruity,6Mv-qMJyxSokCu8YFM1o0A
888,Jim,Umami,xTGpw0x5EUj11YFhwr6m2A
889,Danielle,Sweet,rrRZ2TubdRzkAksCwzHtvA
890,Roland,Sour,PLCijWEcAk74aiYxHb_tYA
891,Bo,Cheesy,oH9K7eCuNsYr6MmlM2ZjUg
892,dawn,Rich,FkiRQdPqgjj27wKBzf9MDA
893,Luis,Savory,Dcu466-o8oVYQYv_xUM_7Q
894,Ruby,Rich,_UR7Oz7FkCiTEKG8F-GvXw
895,Tammy,Salty,WMLorEskmIAKMt8lB_1-oA
896,April,Zesty,1-icjsOsrv-zxIvWr2VW0g
897,Aaron,Umami,qIW7sRXp_SauZ3p2CxF3tQ
898,Sophia,Moist,vScaSrM91Z43ypSR9VfKGg
899,Vanessa,Sour,mFnQAiZGE0fsLfLKpzKQzA
900,Caitlin,Chewy,EnZb0blM78cUkBLfeivJaQ
901,liamrh,Moist,S0xQEAwvL2_XCdS06xEmQA
902,Lyn,Cheesy,g5qD10shooDJEPjt6miMrw
903,Mel,Rich,oO6VCmISYMtSbuKZpS2UmA
904,Chris,Sweet,DAvrtfdKcTrROSNnCD6fYw
905,Mairead,Gooey,PntWHBXMz37_GHPtjY0_2g
906,Mollie,Fiery,46sZk9ZFAIu_bmJWXEOJvA
907,Ilya,Tender,QRLfoEYRAQyzY2DMnmnCiw
908,Ian,Sour,4CbwHg39p4eLpCe3HfGZcQ
909,Rob,Herbal,ZaudfTiuSeTX2RiILlfN5g
910,Shauna,Smokey,fcG6PdOWJv5jr3_2-jxC2g
911,Danielle,Savory,tlxpbxBH8tNdM5bUmt4iww
912,Johnny,Dry,tWrBHzZxCytJyJvoFG1uGA
913,AB,Earthy,0tqhavI8azsD617E-ye-dQ
914,Saskia,Tangy,bcHgPhn8sgmgMR-IkmL0Jw
915,Lisa,Mild,b76FcjQd1RkpnP6I-ajhjw
916,Eric,Rich,QiKaFDRKpMBosMF1fxLPZg
917,Jayson,Crunchy,6rifWcJIpSDzg1llvpna2A
918,Albert,Dry,22TWnCM8otB2JldL5pXeWw
919,Vivian,Earthy,mpDMGJi3TtxZIWWEsbZfyQ
920,Erin,Crispy,Ks4NWUzT6XUwEhwJAPCXkQ
921,Wesley,Rich,Vj6waVhIVS-G1LmQphQpww
922,German,Fiery,CHeMEder5ijEoCPLWjto_Q
923,Paul,Moist,00njy47jpw8fW40DOcrEew
924,Jen,Crispy,zkpu7YEsjef0NTrUq0aS6A
925,Lena,Mild,SssXdhbeYJOCF6sfSFwC-Q
926,Austin,Frothy,dheeM9UTMy9HyBWHh1ePQA
927,Elysha,Moist,DHktJ_qApuCwKe_nGR2x4Q
928,Karen,Crunchy,_BcWyKQL16ndpBdggh2kNA
929,Randall,Mild,GcEaEhVBp0DcAbgdPw41eg
930,Sonia,Fiery,IkFjRnnI5trMcwHHl_1Vrg
931,Stephanie,Spicy,UiLS2rvjNeoZE9TgT35UtQ
932,Heather,Salty,lExyz31t8t6DBRxmu858eg
933,Miguel,Tender,CttEj5z4XaxPD4-moJtcgw
934,Reza,Crunchy,ZzbtEALaj_Goxx2uV0OMiQ
935,David,Crunchy,t1yeyK0oF2KSLKgnGrnqDA
936,Le,Zesty,hDsxdlsFEDETR-c1YwYHsg
937,Nicole,Salty,YOChRzTztTL_KooP9wEtSQ
938,Dot,Sweet,YJh8n0Wm4bJvP1mDyWo0Qw
939,Katy,Moist,j1JLPKieLDpFznz1AzbHpA
940,K.,Herbal,nudeZ4nKoq49qpFRWCXXDA
941,Ashley,Earthy,_ytx-JT-RZcTA4aovdmR_Q
942,Gwen,Juicy,LT8St8zfRqI-XUKtjZFfxA
943,Jake,Fluffy,kNARmp_ZMdeh5In-N1dzng
944,Laurence,Sour,52qcVq_QiqVW1ydwujeBwg
945,Allison,Tender,f5KxH3YahdmVBgS1axPoWg
946,Julie,Rich,ynQbzhxqVhDXK2akhPggww
947,Dominic,Buttery,-NbeVN5tnwdyYAvdNkKMjw
948,Rachelle,Cheesy,-LFiSp6BUfV1LfygUZWs0w
949,Christopher,Crunchy,xI11p4t2Co7RwWuBc82lPg
950,Smart,Tender,cbkk25sZbZZm_YFNZA-x2w
951,Kristin,Earthy,dgsCon0Z7fjp4zYe4azBww
952,Marian,Crunchy,2Gy7OX3zFVfNeeHLhmpzJw
953,Andrew,Smokey,P7kw2Cw8Z45kbrVjYAHr3w
954,Cassy,Zesty,Z8Q6AZm63tM3eLz8vmdk9w
955,Mimi,Gooey,VH7nJ2DdP5onNpSUWy0lRw
956,Anushri,Nutty,eBHiHna-iK17onn08al8wA
957,Jade,Fruity,Ayxa14skw7ogJy6Vv8ecjA
958,JR,Buttery,ARXswZQ4aDfhPnMYSbzcSw
959,Christina,Sour,oDgFJv85M22F26LESCxAWA
960,Kislev,Tangy,SsgDGJWBNvefjY0z8XsVCQ
961,Christina,Moist,vn8nPLA7J_GkHEiW5vEmbA
962,Drew,Bitter,y_PMpgAxTWUIYAmzfFc6VA
963,L,Tangy,s541oLa9Xx3Q-f2CO6fNCA
964,Pamela,Zesty,P6BJWFBDrIfb0A2b3JqeTw
965,Christina,Rich,4MHFQcFfHzVe4ISx3lvHlw
966,Ryan,Herbal,71jyMsiBN-Qy9fo9o9Nw3A
967,Ryan,Cheesy,2ZZNOoMQ7WFvFoxDUFw1wg
968,Tanim,Nutty,fO14jew9W9icFLuwv28sVg
969,Tracey,Cheesy,-d_Ctw_ilqYIaWhKY3Dlaw
970,Tr,Creamy,0jcvdm56uvqE6OIqECegrQ
971,Christina,Dry,iePCiaqrMz79hMy9RVj_WQ
972,Brad,Cheesy,mxnis1VG5Y3_h-fNKjtX-g
973,Susan,Salty,cUk4n3GMShdIr5pLyt9PFQ
974,Anthony,Dry,w-w-k-QXosIKQ8HQVwU6IQ
975,Kevin,Sour,8YKqSg5lLPJ1Su2Tidt7gA
976,Danielle,Creamy,j4cmflYbwAktOxZ_iiJCOQ
977,Martha,Fiery,HZRfI9weev2Vr_w0jPF8-Q
978,Amy,Creamy,ZuFdMRa9PqJ9ZE7MpueXKg
979,Marie,Herbal,NojIZ1w3kdXlmpqseBIGzA
980,Valerie,Chewy,1AgxNI8CUttTfXYuO0tO_A
981,Tiffany,Mild,mXiw0HwmtY7eL8hlnVs6aA
982,Sarah,Earthy,WDrVbBxsNZt-0ytEyUAaBg
983,Fadi,Crunchy,2oPvG6BQrfNFqIjy_sZj0g
984,Katya,Savory,UTr4PU6YlsaywlAR1afdlg
985,Asia,Sour,pQjNCZ3-QZXPtgVeXcKCXQ
986,Roger,Fruity,W-5VHawa-mOe9fbnAeTK4A
987,Cheryl,Gooey,BogJZF698LCfc6Ff2EimMw
988,Emma,Zesty,PgzrB25x5JBtiDsMYtLmUA
989,Jessica,Crunchy,1AXZge9JRr3x-DWE6Fg_kQ
990,Meilee,Tangy,L6wmUBC7jYhaMLUKFf_5Ag
991,Andrew,Sour,HDiU7ZlOUaNOoflQb1sEtA
992,Krystal,Sweet,XVFxHMIRLWiUiHu2I8Zelw
993,Jerry,Umami,141jd-Tt6--RIr9OcJOu5g
994,Mark,Spicy,soj3EaoFAhGqWgzGlfTTtg
995,Manny,Zesty,LZZlD-7A1o_lCQZAt_NvLA
996,Fannie,Gooey,CiYRhDyFbsDbWR45uv822w
997,Paige,Sweet,90QrD73MiLPjs4mtkmBqQQ
998,Andrew,Tangy,4tK3tiB3zggiYudjU9H03g
999,Alex,Buttery,WyvvWRCCHizctkFdGWz72A
1000,Greg,Bitter,NpdXQqJFmuQ4wAO9CsgzUg
